"title","length","rental_count"
"Kwai Homeward",46,"23"
"Ridgemont Submarine",46,"32"
"Iron Moon",46,"11"
"Alien Center",46,"22"
"Labyrinth League",46,"15"
"Shanghai Tycoon",47,"14"
"Hanover Galaxy",47,"17"
"Divorce Shining",47,"7"
"Hawk Chill",47,"7"
"Halloween Nuts",47,"10"
"Suspects Quills",47,"30"
"Downhill Enough",47,"25"
"Rush Goodfellas",48,"31"
"Heaven Freedom",48,"18"
"Paradise Sabrina",48,"18"
"Notting Speakeasy",48,"10"
"Sunset Racer",48,"8"
"Midsummer Groundhog",48,"22"
"Valentine Vanishing",48,"12"
"Stepmom Dream",48,"20"
"Odds Boogie",48,"15"
"Pelican Comforts",48,"26"
"Ace Goldfinger",48,"7"
"Hurricane Affair",49,"24"
"Heavenly Gun",49,"7"
"Hook Chariots",49,"13"
"Grosse Wonderful",49,"8"
"Doors President",49,"19"
"Lion Uncut",50,"18"
"Natural Stock",50,"13"
"Adaptation Holes",50,"12"
"Pilot Hoosiers",50,"16"
"Blues Instinct",50,"21"
"Zorro Ark",50,"31"
"Smoking Barbarella",50,"18"
"Frisco Forrest",51,"9"
"Simon North",51,"6"
"Excitement Eve",51,"21"
"Deep Crusade",51,"14"
"Champion Flatliners",51,"13"
"English Bulworth",51,"30"
"Hall Cassidy",51,"16"
"Lust Lock",52,"15"
"Side Ark",52,"12"
"Harper Dying",52,"20"
"Westward Seabiscuit",52,"26"
"Spartacus Cheaper",52,"9"
"Caddyshack Jedi",52,"16"
"Trojan Tomorrow",52,"19"
"Tequila Past",53,"6"
"Thin Sagebrush",53,"11"
"Movie Shakespeare",53,"27"
"Magnificent Chitty",53,"8"
"Beneath Rush",53,"10"
"Cabin Flash",53,"15"
"Primary Glass",53,"27"
"Summer Scarface",53,"16"
"Airport Pollock",54,"18"
"Sense Greek",54,"7"
"October Submarine",54,"11"
"Juggler Hardly",54,"32"
"Go Purple",54,"20"
"Wolves Desire",55,"21"
"Coast Rainbow",55,"21"
"Goodfellas Salute",56,"31"
"Matrix Snowman",56,"9"
"Bride Intrigue",56,"19"
"Destiny Saturday",56,"16"
"Cupboard Sinners",56,"23"
"Storm Happiness",57,"29"
"Mosquito Armageddon",57,"15"
"Dawn Pond",57,"18"
"Alter Victory",57,"22"
"Doctor Grail",57,"7"
"Noon Papi",57,"17"
"Cranes Reservoir",57,"11"
"Jekyll Frogmen",58,"17"
"Oklahoma Jumanji",58,"6"
"Dances None",58,"14"
"Super Wyoming",58,"13"
"Closer Bang",58,"28"
"Fantasy Troopers",58,"26"
"Rings Heartbreakers",58,"15"
"Daughter Madigan",59,"9"
"Minority Kiss",59,"12"
"Interview Liaisons",59,"20"
"Legend Jedi",59,"9"
"Jet Neighbors",59,"20"
"Heartbreakers Bright",59,"20"
"Vision Torque",59,"7"
"Whisperer Giant",59,"22"
"Smile Earring",60,"10"
"Pity Bound",60,"26"
"Shakespeare Saddle",60,"22"
"Mockingbird Hollywood",60,"24"
"Jersey Sassy",60,"6"
"Bubble Grosse",60,"6"
"Room Roman",60,"20"
"Phantom Glory",60,"6"
"Cassidy Wyoming",61,"6"
"Reservoir Adaptation",61,"10"
"Drifter Commandments",61,"24"
"Waterfront Deliverance",61,"17"
"Polish Brooklyn",61,"18"
"Trouble Date",61,"23"
"Bulworth Commandments",61,"7"
"Birds Perdition",61,"18"
"Camelot Vacation",61,"27"
"Hanging Deep",62,"19"
"Unbreakable Karate",62,"21"
"Snowman Rollercoaster",62,"23"
"Mars Roman",62,"19"
"Airplane Sierra",62,"15"
"Arabia Dogma",62,"13"
"Bonnie Holocaust",63,"16"
"Reunion Witches",63,"20"
"Boulevard Mob",63,"18"
"Dinosaur Secretary",63,"20"
"Borrowers Bedazzled",63,"22"
"Forrest Sons",63,"18"
"Bunch Minds",63,"5"
"Aladdin Calendar",63,"23"
"Intolerable Intentions",63,"9"
"Taxi Kick",64,"17"
"Trip Newton",64,"28"
"Victory Academy",64,"9"
"Metropolis Coma",64,"26"
"Craft Outfield",64,"16"
"Novocaine Flight",64,"19"
"Sleepless Monsoon",64,"20"
"Desert Poseidon",64,"19"
"Mile Mulan",64,"13"
"Freddy Storm",65,"23"
"Barbarella Streetcar",65,"25"
"Lovely Jingle",65,"14"
"Patriot Roman",65,"16"
"Club Graffiti",65,"19"
"Confessions Maguire",65,"14"
"Hunting Musketeers",65,"15"
"Charade Duffel",66,"15"
"Eve Resurrection",66,"7"
"Silence Kane",67,"16"
"Comancheros Enemy",67,"6"
"Egg Igby",67,"21"
"Lonely Elephant",67,"15"
"Shootist Superfly",67,"24"
"North Tequila",67,"11"
"Lady Stage",67,"17"
"Divide Monster",68,"21"
"Human Graffiti",68,"15"
"Tomatoes Hellfighters",68,"14"
"Doom Dancing",68,"21"
"Cruelty Unforgiven",69,"7"
"Flying Hook",69,"20"
"Lebowski Soldiers",69,"21"
"Timberland Sky",69,"31"
"Hollywood Anonymous",69,"13"
"Head Stranger",69,"22"
"Wedding Apollo",70,"24"
"Chance Resurrection",70,"27"
"Gunfight Moon",70,"24"
"Louisiana Harry",70,"17"
"Coldblooded Darling",70,"16"
"Clue Grail",70,"7"
"Candidate Perdition",70,"18"
"Knock Warlock",71,"24"
"Chariots Conspiracy",71,"21"
"Temple Attraction",71,"12"
"Train Bunch",71,"4"
"Blood Argonauts",71,"10"
"Mannequin Worst",71,"5"
"Princess Giant",71,"27"
"Maude Mod",72,"8"
"Hardly Robbers",72,"4"
"Fiction Christmas",72,"19"
"Bowfinger Gables",72,"11"
"Streetcar Intentions",73,"25"
"Frida Slipper",73,"11"
"Rebel Airport",73,"8"
"Bright Encounters",73,"13"
"Godfather Diary",73,"8"
"Valley Packer",73,"15"
"Salute Apollo",73,"23"
"Random Go",73,"9"
"Brotherhood Blanket",73,"26"
"Bedazzled Married",73,"13"
"Musketeers Wait",73,"17"
"Working Microcosmos",74,"25"
"Luke Mummy",74,"7"
"Jumping Wrath",74,"24"
"Informer Double",74,"5"
"Teen Apollo",74,"17"
"Maguire Apache",74,"9"
"Modern Dorado",74,"15"
"Silverado Goldfinger",74,"12"
"Angels Life",74,"22"
"Snatchers Montezuma",74,"9"
"Newton Labyrinth",75,"17"
"California Birds",75,"12"
"Wizard Coldblooded",75,"16"
"Hellfighters Sierra",75,"20"
"Fiddler Lost",75,"10"
"Balloon Homeward",75,"23"
"Satisfaction Confidential",75,"17"
"Network Peak",75,"31"
"Lover Truman",75,"10"
"Stampede Disturbing",75,"14"
"Desire Alien",76,"8"
"Haunted Antitrust",76,"6"
"Destination Jerk",76,"8"
"Comforts Rush",76,"17"
"Orange Grapes",76,"24"
"Enemy Odds",77,"29"
"Pickup Driving",77,"16"
"Berets Agent",77,"21"
"Mod Secretary",77,"11"
"Fellowship Autumn",77,"26"
"Memento Zoolander",77,"13"
"Watch Tracy",78,"16"
"Language Cowboy",78,"11"
"Insider Arizona",78,"20"
"Unfaithful Kill",78,"8"
"Holiday Games",78,"15"
"Voyage Legally",78,"28"
"Werewolf Lola",79,"14"
"Amelie Hellfighters",79,"10"
"Spiking Element",79,"13"
"Ishtar Rocketeer",79,"7"
"Shock Cabin",79,"30"
"Moulin Wake",79,"16"
"Peak Forever",80,"20"
"Turn Star",80,"14"
"Shawshank Bubble",80,"19"
"Sea Virgin",80,"22"
"Loser Hustler",80,"15"
"Saddle Antitrust",80,"14"
"Flamingos Connecticut",80,"23"
"Garden Island",80,"20"
"War Notting",80,"12"
"Meet Chocolate",80,"12"
"Desperate Trainspotting",81,"6"
"Clash Freddy",81,"25"
"Roman Punk",81,"24"
"Alone Trip",82,"18"
"Tycoon Gathering",82,"12"
"Anything Savannah",82,"9"
"Frost Head",82,"30"
"Reign Gentlemen",82,"20"
"Perfect Groove",82,"17"
"Moon Bunch",83,"29"
"Attraction Newton",83,"24"
"Fugitive Maguire",83,"11"
"Hustler Party",83,"22"
"Warlock Werewolf",83,"6"
"None Spiking",83,"27"
"Pluto Oleander",84,"16"
"Packer Madigan",84,"22"
"Island Exorcist",84,"26"
"Honey Ties",84,"19"
"Jeepers Wedding",84,"16"
"Idols Snatchers",84,"30"
"Uptown Young",84,"12"
"Guys Falcon",84,"9"
"Savannah Town",84,"12"
"Sling Luke",84,"6"
"Daisy Menagerie",84,"16"
"High Encino",84,"22"
"Gone Trouble",84,"10"
"Amistad Midsummer",85,"21"
"Beverly Outlaw",85,"21"
"Ghost Groundhog",85,"21"
"Stage World",85,"10"
"Oz Liaisons",85,"24"
"Blackout Private",85,"27"
"Varsity Trip",85,"16"
"Lola Agent",85,"24"
"Window Side",85,"12"
"Canyon Stock",85,"19"
"Ending Crowds",85,"11"
"Egypt Tenenbaums",85,"17"
"Wasteland Divine",85,"15"
"Casablanca Super",85,"16"
"Grail Frankenstein",85,"10"
"Wonka Sea",85,"18"
"Earth Vision",85,"23"
"Midnight Westward",86,"17"
"Annie Identity",86,"22"
"Academy Dinosaur",86,"23"
"Gandhi Kwai",86,"17"
"Yentl Idaho",86,"23"
"Cheaper Clyde",87,"20"
"Devil Desire",87,"15"
"Sleuth Orient",87,"21"
"Treatment Jekyll",87,"7"
"Bang Kwai",87,"7"
"Congeniality Quest",87,"22"
"Details Packer",88,"19"
"Terminator Club",88,"6"
"Purple Movie",88,"13"
"Holy Tadpole",88,"9"
"Butterfly Chocolat",89,"30"
"Dares Pluto",89,"9"
"Pulp Beverly",89,"30"
"Roots Remember",89,"17"
"Gleaming Jawbreaker",89,"29"
"Beast Hunchback",89,"11"
"Forward Temple",90,"32"
"Vertigo Northwest",90,"8"
"Basic Easy",90,"21"
"Circus Youth",90,"15"
"Secret Groundhog",90,"21"
"Anthem Luke",91,"15"
"Fight Jawbreaker",91,"22"
"License Weekend",91,"7"
"Fatal Haunted",91,"28"
"Tarzan Videotape",91,"8"
"Titans Jerk",91,"29"
"Encounters Curtain",92,"19"
"Opposite Necklace",92,"13"
"Kane Exorcist",92,"14"
"Caribbean Liberty",92,"9"
"Truman Crazy",92,"23"
"Core Suit",92,"18"
"Apache Divine",92,"31"
"Anaconda Confessions",92,"21"
"National Story",92,"19"
"Sundance Invasion",92,"19"
"Mystic Truman",92,"10"
"Panky Submarine",93,"15"
"Goldfinger Sensibility",93,"24"
"Greatest North",93,"29"
"Sting Personal",93,"21"
"Shane Darkness",93,"14"
"Hills Neighbors",93,"25"
"Bill Others",93,"19"
"Stone Fire",94,"11"
"Full Flatliners",94,"5"
"Disturbing Scarface",94,"26"
"Clueless Bucket",95,"25"
"Horn Working",95,"24"
"Early Home",96,"7"
"Drums Dynamite",96,"13"
"Expendable Stallion",97,"28"
"Rear Trading",97,"17"
"Invasion Cyclone",97,"27"
"Lucky Flying",97,"13"
"Feud Frogmen",98,"25"
"Prejudice Oleander",98,"20"
"Wisdom Worker",98,"9"
"Bound Cheaper",98,"24"
"Lost Bird",98,"12"
"Madre Gables",98,"14"
"Earring Instinct",98,"19"
"Sensibility Rear",98,"10"
"French Holiday",99,"17"
"Darkness War",99,"13"
"Armageddon Lost",99,"21"
"Sabrina Midnight",99,"21"
"Pet Haunting",99,"8"
"Tenenbaums Command",99,"13"
"Patient Sister",99,"19"
"Wyoming Storm",100,"13"
"Behavior Runaway",100,"13"
"Bilko Anonymous",100,"13"
"Witches Panic",100,"30"
"Hyde Doctor",100,"26"
"Flatliners Killer",100,"22"
"Divine Resurrection",100,"15"
"Happiness United",100,"6"
"Punk Divorce",100,"8"
"Gun Bonnie",100,"25"
"Pirates Roxanne",100,"21"
"Chocolat Harry",101,"20"
"Dwarfs Alter",101,"9"
"Cider Desire",101,"19"
"Runner Madigan",101,"8"
"Ghostbusters Elf",101,"9"
"Zoolander Fiction",101,"17"
"Robbers Joon",102,"31"
"Falcon Volume",102,"22"
"Panic Club",102,"7"
"Scarface Bang",102,"18"
"Heavyweights Beast",102,"23"
"Jeopardy Encino",102,"10"
"Rock Instinct",102,"17"
"Boiled Dares",102,"15"
"Giant Troopers",102,"28"
"Opus Ice",102,"11"
"Blindness Gun",103,"14"
"Glass Dying",103,"14"
"Pinocchio Simon",103,"20"
"Homeward Cider",103,"16"
"Strangelove Desire",103,"24"
"Impossible Prejudice",103,"14"
"Birdcage Casper",103,"9"
"Mother Oleander",103,"14"
"Date Speed",104,"13"
"Mermaid Insects",104,"16"
"Ship Wonderland",104,"15"
"Feathers Metal",104,"11"
"Titanic Boondock",104,"23"
"Crow Grease",104,"12"
"Microcosmos Paradise",105,"13"
"Zhivago Core",105,"9"
"Won Dares",105,"9"
"Mob Duffel",105,"12"
"Joon Northwest",105,"17"
"Hunger Roof",105,"13"
"Sagebrush Clueless",106,"16"
"Private Drop",106,"5"
"Gaslight Crusade",106,"16"
"Dalmations Sweden",106,"20"
"Bed Highball",106,"6"
"Deer Virginian",106,"29"
"Party Knock",107,"13"
"Undefeated Dalmations",107,"21"
"Effect Gladiator",107,"25"
"Wanda Chamber",107,"16"
"Hanky October",107,"26"
"Chitty Lock",107,"8"
"Intentions Empire",107,"17"
"Diary Panic",107,"9"
"Monster Spartacus",107,"15"
"Lord Arizona",108,"11"
"Handicap Boondock",108,"28"
"Sweethearts Suspects",108,"29"
"Gorgeous Bingo",108,"19"
"Autumn Crow",108,"11"
"Whale Bikini",109,"18"
"Rugrats Shakespeare",109,"30"
"Park Citizen",109,"8"
"House Dynamite",109,"23"
"Secrets Paradise",109,"20"
"Panther Reds",109,"15"
"Coma Head",109,"26"
"Seattle Expecations",110,"24"
"Remember Diary",110,"18"
"Highball Potter",110,"21"
"Drumline Cyclone",110,"11"
"League Hellfighters",110,"17"
"Celebrity Horn",110,"24"
"Snatch Slipper",110,"22"
"Trap Guys",110,"16"
"Samurai Lion",110,"25"
"Ties Hunger",111,"11"
"Siege Madre",111,"15"
"Groove Fiction",111,"18"
"Suit Walls",111,"21"
"Wind Phantom",111,"23"
"Frogmen Breaking",111,"10"
"Wonderland Christmas",111,"22"
"Wait Cider",112,"21"
"Watership Frontier",112,"6"
"Jaws Harry",112,"14"
"Stagecoach Armageddon",112,"26"
"Crusade Honey",112,"8"
"Coneheads Smoochy",112,"25"
"Seabiscuit Punk",112,"26"
"Conversation Downhill",112,"17"
"Forrester Comancheros",112,"27"
"Cat Coneheads",112,"30"
"Quills Bull",112,"16"
"Spy Mile",112,"27"
"Amadeus Holy",113,"21"
"State Wasteland",113,"13"
"Ladybugs Armageddon",113,"6"
"Day Unfaithful",113,"14"
"Attacks Hate",113,"16"
"Legally Secretary",113,"9"
"Banger Pinocchio",113,"22"
"Shepherd Midsummer",113,"25"
"Pride Alamo",114,"16"
"Gilbert Pelican",114,"9"
"Chasing Fight",114,"20"
"Carrie Bunch",114,"23"
"Blade Polish",114,"22"
"Sugar Wonka",114,"17"
"Married Go",114,"30"
"Alabama Devil",114,"12"
"Chainsaw Uptown",114,"21"
"Superfly Trip",114,"10"
"Prix Undefeated",115,"11"
"Troopers Metal",115,"14"
"Oscar Gold",115,"25"
"Potter Connecticut",115,"17"
"Glory Tracy",115,"5"
"Connection Microcosmos",115,"7"
"Element Freddy",115,"10"
"Words Hunter",116,"16"
"Madigan Dorado",116,"10"
"Instinct Airport",116,"18"
"Duck Racer",116,"6"
"Graffiti Love",117,"30"
"Resurrection Silverado",117,"21"
"Chamber Italian",117,"13"
"Magic Mallrats",117,"7"
"Affair Prejudice",117,"23"
"Others Soup",118,"23"
"Jawbreaker Brooklyn",118,"10"
"Orient Closer",118,"17"
"Personal Ladybugs",118,"14"
"Paths Control",118,"10"
"Backlash Undefeated",118,"19"
"Rouge Squad",118,"18"
"Fidelity Devil",118,"21"
"Bugsy Song",119,"11"
"Identity Lover",119,"13"
"Apocalypse Flamingos",119,"6"
"Dumbo Lust",119,"6"
"Strangers Graffiti",119,"17"
"Games Bowfinger",119,"14"
"Rage Games",120,"19"
"Karate Moon",120,"23"
"Lock Rear",120,"16"
"Command Darling",120,"16"
"Dolls Rage",120,"9"
"Untouchables Sunrise",120,"8"
"Calendar Gunfight",120,"21"
"Dangerous Uptown",121,"12"
"Paris Weekend",121,"14"
"Boogie Amelie",121,"29"
"Pure Runner",121,"16"
"Harry Idaho",121,"30"
"Jumanji Blade",121,"8"
"Arizona Bang",121,"21"
"Brannigan Sunrise",121,"12"
"Mighty Luck",122,"12"
"Betrayed Rear",122,"15"
"Illusion Amelie",122,"15"
"Dogma Family",122,"30"
"Confused Candles",122,"17"
"Hours Rage",122,"19"
"Deceiver Betrayed",122,"21"
"Beach Heartbreakers",122,"17"
"Extraordinary Conquerer",122,"6"
"Chicken Hellfighters",122,"22"
"Vanilla Day",122,"9"
"Flash Wars",123,"13"
"Vanishing Rocky",123,"18"
"Insects Stone",123,"18"
"Mask Peach",123,"17"
"Breakfast Goldfinger",123,"17"
"Reef Salute",123,"11"
"Swarm Gold",123,"27"
"Speed Suit",124,"9"
"Jingle Sagebrush",124,"13"
"Chisum Behavior",124,"13"
"Clones Pinocchio",124,"19"
"Shining Roses",125,"8"
"Bull Shawshank",125,"16"
"Saints Bride",125,"8"
"Fish Opus",125,"25"
"Donnie Alley",125,"14"
"Gentlemen Stage",125,"23"
"Hunter Alter",125,"5"
"Elephant Trojan",126,"14"
"Vampire Whale",126,"12"
"Montezuma Command",126,"9"
"Sinners Atlantis",126,"22"
"Pajama Jawbreaker",126,"14"
"Alamo Videotape",126,"24"
"Freaky Pocus",126,"17"
"Wonderful Drop",126,"9"
"Women Dorado",126,"23"
"Gunfighter Mussolini",127,"12"
"Seven Swarm",127,"5"
"Submarine Bed",127,"15"
"Maltese Hope",127,"22"
"Jedi Beneath",128,"19"
"Papi Necklace",128,"8"
"Usual Untouchables",128,"13"
"Holes Brannigan",128,"15"
"Notorious Reunion",128,"14"
"Wars Pluto",128,"10"
"Galaxy Sweethearts",128,"18"
"Sleeping Suspects",129,"24"
"Music Boondock",129,"19"
"Gosford Donnie",129,"8"
"Barefoot Manchurian",129,"18"
"Unforgiven Zoolander",129,"18"
"Outfield Massacre",129,"20"
"American Circus",129,"22"
"Fargo Gandhi",130,"24"
"Jason Trap",130,"24"
"Stallion Sundance",130,"7"
"Majestic Floats",130,"17"
"Darko Dorado",130,"11"
"African Egg",130,"12"
"Ice Crossing",131,"24"
"Fantasia Park",131,"19"
"Forever Candidate",131,"13"
"Nemo Campus",131,"14"
"Open African",131,"21"
"Necklace Outbreak",132,"15"
"Trainspotting Strangers",132,"11"
"Platoon Instinct",132,"9"
"Dude Blindness",132,"16"
"Streak Ridgemont",132,"16"
"Dragonfly Strangers",133,"18"
"Mallrats United",133,"25"
"Curtain Videotape",133,"27"
"Freedom Cleopatra",133,"5"
"Bucket Brotherhood",133,"34"
"Jungle Closer",134,"9"
"Splendor Patton",134,"21"
"Weekend Personal",134,"18"
"Pittsburgh Hunchback",134,"12"
"Robbery Bright",134,"13"
"Thief Pelican",135,"19"
"Japanese Run",135,"6"
"Sierra Divide",135,"15"
"Indian Love",135,"16"
"Dream Pickup",135,"22"
"Grease Youth",135,"21"
"Sunrise League",135,"24"
"Candles Grapes",135,"23"
"Money Harold",135,"20"
"Bringing Hysterical",136,"20"
"Town Ark",136,"14"
"Squad Fish",136,"7"
"Hollow Jeopardy",136,"10"
"Maker Gables",136,"10"
"Pianist Outfield",136,"21"
"Reap Unfaithful",136,"16"
"Crazy Home",136,"9"
"Alaska Phantom",136,"26"
"Pollock Deliverance",137,"18"
"Life Twisted",137,"10"
"Grit Clockwork",137,"32"
"Willow Tracy",137,"16"
"Sleepy Japanese",137,"21"
"Scorpion Apollo",137,"23"
"Lose Inch",137,"27"
"Philadelphia Wife",137,"23"
"Maiden Home",138,"24"
"Spirited Casualties",138,"11"
"Spinal Rocky",138,"13"
"Expecations Natural",138,"18"
"Pocus Pulp",138,"26"
"Liberty Magnificent",138,"12"
"Groundhog Uncut",139,"18"
"Voice Peach",139,"19"
"Creatures Shakespeare",139,"16"
"Traffic Hobbit",139,"5"
"Hope Tootsie",139,"18"
"Clyde Theory",139,"8"
"Dorado Notting",139,"27"
"Horror Reign",139,"27"
"Shrunk Divine",139,"14"
"Worker Tarzan",139,"15"
"Stranger Strangers",139,"11"
"Graceland Dynamite",140,"6"
"Eagles Panky",140,"22"
"Liaisons Sweet",140,"22"
"Steers Armageddon",140,"15"
"Loathing Legally",140,"27"
"Dynamite Tarzan",141,"25"
"Kissing Dolls",141,"20"
"Spice Sorority",141,"20"
"Sun Confessions",141,"25"
"Homicide Peach",141,"22"
"Disciple Mother",141,"19"
"Bikini Borrowers",142,"17"
"Vanished Garden",142,"7"
"Chill Luck",142,"22"
"Tracy Cider",142,"26"
"Million Ace",142,"20"
"Tomorrow Hustler",142,"25"
"Ferris Mother",142,"17"
"Encino Elf",143,"19"
"Steel Santa",143,"23"
"Crooked Frogmen",143,"23"
"Cincinatti Whisperer",143,"13"
"South Wait",143,"22"
"Detective Vision",143,"27"
"Clockwork Paradise",143,"10"
"Lambs Cincinatti",144,"10"
"President Bang",144,"7"
"Virtual Spoilers",144,"14"
"Strictly Scarface",144,"23"
"Factory Dragon",144,"17"
"Pacific Amistad",144,"24"
"Dancing Fever",144,"27"
"Towers Hurricane",144,"11"
"Vacation Boondock",145,"21"
"Paycheck Wait",145,"16"
"Videotape Arsenic",145,"29"
"Nuts Ties",145,"9"
"Rocky War",145,"16"
"Run Pacific",145,"10"
"Hamlet Wisdom",146,"14"
"Chaplin License",146,"8"
"Cowboy Doom",146,"7"
"Half Outfield",146,"26"
"Mourning Purple",146,"21"
"Madison Trap",147,"15"
"Arachnophobia Rollercoaster",147,"24"
"Lies Treatment",147,"27"
"Scissorhands Slums",147,"15"
"Dirty Ace",147,"15"
"Slums Duck",147,"24"
"Menagerie Rushmore",147,"7"
"Range Moonwalker",147,"27"
"Racer Egg",147,"18"
"Flintstones Happiness",148,"17"
"Telegraph Voyage",148,"27"
"Easy Gladiator",148,"23"
"Fireball Philadelphia",148,"21"
"Outlaw Hanky",148,"14"
"Blanket Beverly",148,"12"
"Army Flintstones",148,"16"
"Spirit Flintstones",149,"15"
"Minds Truman",149,"20"
"Color Philadelphia",149,"24"
"Holocaust Highball",149,"17"
"River Outlaw",149,"20"
"Nightmare Chill",149,"25"
"Bingo Talented",150,"29"
"Cleopatra Devil",150,"18"
"Ali Forever",150,"9"
"Grinch Massage",150,"14"
"Saturday Lambs",150,"28"
"Christmas Moonshine",150,"21"
"Rushmore Mermaid",150,"6"
"Hysterical Grail",150,"15"
"Carol Texas",151,"18"
"Straight Hours",151,"20"
"Spoilers Hellfighters",151,"10"
"School Jacket",151,"6"
"Hunchback Impossible",151,"20"
"Masked Bubble",151,"20"
"Beethoven Exorcist",151,"11"
"Telemark Heartbreakers",152,"25"
"Wagon Jaws",152,"10"
"Elizabeth Shane",152,"10"
"Center Dinosaur",152,"24"
"Luck Opus",152,"10"
"Tuxedo Mile",152,"13"
"Twisted Pirates",152,"11"
"Tourist Pelican",152,"22"
"Edge Kissing",153,"15"
"Rules Human",153,"16"
"Crossroads Casualties",153,"21"
"Right Cranes",153,"10"
"Leathernecks Dwarfs",153,"7"
"Goldmine Tycoon",153,"27"
"Baby Hall",153,"8"
"Rollercoaster Bringing",153,"10"
"Durham Panky",154,"26"
"Gold River",154,"14"
"Sassy Packer",154,"13"
"Shrek License",154,"15"
"Doubtfire Labyrinth",154,"10"
"Raging Airplane",154,"13"
"Santa Paris",154,"11"
"Grapes Fury",155,"22"
"Elf Murder",155,"7"
"Lolita World",155,"10"
"Family Sweet",155,"29"
"Slipper Fidelity",156,"16"
"Graduate Lord",156,"16"
"Finding Anaconda",156,"12"
"Operation Operation",156,"27"
"Tootsie Pilot",157,"15"
"Past Suicides",157,"13"
"Hobbit Alien",157,"31"
"Volcano Texas",157,"22"
"Independence Hotel",157,"19"
"Mulholland Beast",157,"7"
"Secretary Rouge",158,"18"
"Road Roxanne",158,"19"
"Monterey Labyrinth",158,"13"
"Enough Raging",158,"18"
"Fever Empire",158,"5"
"Fool Mockingbird",158,"23"
"Malkovich Pet",159,"26"
"Newsies Story",159,"7"
"Poseidon Forever",159,"17"
"West Lion",159,"16"
"Driver Annie",159,"18"
"Stock Glass",160,"14"
"Mulan Moon",160,"13"
"Peach Innocent",160,"14"
"Igby Maker",160,"19"
"Mummy Creatures",160,"16"
"Bear Graceland",160,"22"
"Brooklyn Desert",161,"21"
"Gables Metropolis",161,"19"
"Massage Image",161,"12"
"Neighbors Charade",161,"19"
"Wash Heavenly",161,"23"
"Oleander Clue",161,"10"
"Daddy Pittsburgh",161,"13"
"Metal Armageddon",161,"25"
"Killer Innocent",161,"6"
"Birch Antitrust",162,"11"
"Roses Treasure",162,"28"
"Loverboy Attacks",162,"12"
"Miracle Virtual",162,"9"
"Badman Dawn",162,"21"
"Everyone Craft",163,"13"
"Bird Independence",163,"11"
"Story Side",163,"28"
"Gilmore Boiled",163,"28"
"Casper Dragonfly",163,"8"
"Queen Luke",163,"22"
"Kiss Glory",163,"22"
"Mission Zoolander",164,"18"
"Virginian Pluto",164,"29"
"Clerks Angels",164,"7"
"United Pilot",164,"17"
"Citizen Shrek",165,"13"
"Song Hedwig",165,"11"
"Speakeasy Date",165,"12"
"Darling Breaking",165,"9"
"Massacre Usual",165,"30"
"Murder Antitrust",166,"23"
"Contact Anonymous",166,"26"
"Greedy Roots",166,"14"
"Mine Titans",166,"19"
"Motions Details",166,"16"
"Inch Jet",167,"18"
"Lesson Cleopatra",167,"7"
"Exorcist Sting",167,"13"
"Requiem Tycoon",167,"19"
"Campus Remember",167,"19"
"Escape Metropolis",167,"25"
"Show Lord",167,"25"
"Translation Summer",168,"15"
"Dying Maker",168,"17"
"Harold French",168,"8"
"Antitrust Tomatoes",168,"10"
"Breaking Home",169,"13"
"Agent Truman",169,"21"
"Soup Wisdom",169,"8"
"Hedwig Alter",169,"12"
"Outbreak Divine",169,"23"
"Artist Coldblooded",170,"16"
"Atlantis Cause",170,"24"
"Dragon Squad",170,"11"
"Trading Pinocchio",170,"25"
"Kramer Chocolate",171,"9"
"World Leathernecks",171,"8"
"Tramp Others",171,"20"
"Duffel Apocalypse",171,"7"
"Roxanne Rebel",171,"19"
"Magnolia Forrester",171,"11"
"Jericho Mulan",171,"17"
"Moonshine Cabin",171,"21"
"Uncut Suicides",172,"14"
"Creepers Kane",172,"14"
"Jerk Paycheck",172,"20"
"Idaho Love",172,"17"
"Connecticut Tramp",172,"13"
"Eyes Driving",172,"19"
"Tights Dawn",172,"26"
"Northwest Polish",172,"20"
"Talented Homicide",173,"29"
"Pizza Jumanji",173,"7"
"Velvet Terminator",173,"26"
"Conquerer Nuts",173,"16"
"Fire Wolves",173,"7"
"Ballroom Mockingbird",173,"8"
"Uprising Uptown",174,"16"
"Italian African",174,"6"
"Evolution Alter",174,"12"
"Jade Bunch",174,"18"
"Vietnam Smoochy",174,"15"
"Lights Deer",174,"8"
"Lawrence Love",175,"13"
"Patton Interview",175,"23"
"Splash Gump",175,"14"
"Driving Polish",175,"21"
"Model Fish",175,"15"
"Beauty Grease",175,"22"
"Wrath Mile",176,"14"
"Hoosiers Birdcage",176,"8"
"Entrapment Satisfaction",176,"15"
"Greek Everyone",176,"17"
"Cyclone Family",176,"15"
"Dracula Crystal",176,"21"
"Gathering Calendar",176,"11"
"Caper Motions",176,"24"
"Braveheart Human",176,"5"
"Sweden Shining",176,"18"
"Manchurian Curtain",177,"15"
"Double Wrath",177,"25"
"Dozen Lion",177,"7"
"Empire Malkovich",177,"21"
"Quest Mussolini",177,"20"
"Rider Caddyshack",177,"11"
"Express Lonely",178,"13"
"Wrong Behavior",178,"20"
"Image Princess",178,"14"
"Madness Attacks",178,"25"
"Name Detective",178,"23"
"Fury Murder",178,"19"
"Wardrobe Phantom",178,"27"
"Drop Waterfront",178,"9"
"Rocketeer Mother",178,"33"
"Innocent Usual",178,"26"
"Virgin Daisy",179,"17"
"Youth Kick",179,"6"
"Redemption Comforts",179,"20"
"Anonymous Human",179,"13"
"Born Spinal",179,"12"
"Kick Savannah",179,"20"
"Torque Bound",179,"27"
"Texas Watch",179,"6"
"Flight Lies",179,"12"
"Potluck Mixed",179,"11"
"Cause Date",179,"21"
"Slacker Liaisons",179,"17"
"Casualties Encino",179,"9"
"Confidential Interview",180,"29"
"Something Duck",180,"19"
"Alley Evolution",180,"14"
"Impact Aladdin",180,"9"
"Mussolini Spoilers",180,"5"
"Mixed Doors",180,"4"
"Nash Chocolat",180,"15"
"Lawless Vision",181,"17"
"Star Operation",181,"21"
"Runaway Tenenbaums",181,"8"
"Jacket Frisco",181,"18"
"Intrigue Worst",181,"20"
"Hotel Happiness",181,"9"
"Haunting Pianist",181,"22"
"Love Suicides",181,"20"
"Wild Apollo",181,"6"
"Analyze Hoosiers",181,"14"
"Searchers Wait",182,"14"
"Records Zorro",182,"8"
"Baked Cleopatra",182,"16"
"Monsoon Cause",182,"9"
"Saturn Name",182,"13"
"Reds Pocus",182,"9"
"Scalawag Duck",183,"32"
"Young Language",183,"7"
"Frontier Cabin",183,"6"
"Wife Turn",183,"31"
"Sorority Queen",184,"12"
"Sons Interview",184,"15"
"Smoochy Control",184,"12"
"Theory Mermaid",184,"11"
"Moonwalker Fool",184,"13"
"King Evolution",184,"9"
"Conspiracy Spirit",184,"5"
"Sweet Brotherhood",185,"15"
"Muscle Bright",185,"30"
"Worst Banger",185,"16"
"Home Pity",185,"14"
"Soldiers Evolution",185,"8"
"Chicago North",185,"16"
"Gangs Pride",185,"27"
"Control Anthem",185,"7"
"Darn Forrester",185,"18"
"Pond Seattle",185,"19"
