"film_id","title","cat_of_movie","rental_count","total_revenue"
584,"Mixed Doors","Foreign","4","15.96"
400,"Hardly Robbers","Documentary","4","15.96"
904,"Train Bunch","Horror","4","24.96"
343,"Full Flatliners","Children","5","16.95"
238,"Doctor Grail","Children","5","23.95"
558,"Mannequin Worst","New","5","23.95"
32,"Apocalypse Flamingos","New","5","24.95"
335,"Freedom Cleopatra","Comedy","5","5.95"
178,"Connection Microcosmos","Comedy","5","8.95"
310,"Fever Empire","Games","5","33.95"
781,"Seven Swarm","Games","5","30.95"
362,"Glory Tracy","Games","5","14.95"
237,"Divorce Shining","Sports","5","21.95"
107,"Bunch Minds","Drama","5","25.95"
441,"Hunter Alter","Documentary","5","24.95"
459,"Informer Double","Foreign","5","27.95"
180,"Conspiracy Spirit","Classics","5","16.95"
259,"Duck Racer","Animation","5","20.95"
94,"Braveheart Human","Family","5","16.95"
699,"Private Drop","Games","5","26.95"
903,"Traffic Hobbit","Travel","5","24.95"
612,"Mussolini Spoilers","Sports","5","15.95"
884,"Terminator Club","Music","6","39.94"
808,"Sling Luke","Classics","6","14.94"
695,"President Bang","Family","6","35.94"
102,"Bubble Grosse","Sports","6","35.94"
248,"Dozen Lion","Documentary","6","31.94"
769,"School Jacket","Foreign","6","35.94"
513,"Leathernecks Dwarfs","Travel","6","21.94"
168,"Comancheros Enemy","Children","6","9.94"
754,"Rushmore Mermaid","Comedy","6","18.94"
659,"Park Citizen","Action","6","48.94"
297,"Extraordinary Conquerer","Classics","6","22.94"
268,"Early Home","Animation","6","36.94"
507,"Ladybugs Armageddon","Games","6","17.94"
675,"Phantom Glory","New","6","21.94"
839,"Stallion Sundance","Sci-Fi","6","7.94"
520,"License Weekend","Sci-Fi","6","17.94"
125,"Cassidy Wyoming","Travel","6","23.94"
974,"Wild Apollo","New","6","15.94"
799,"Simon North","Horror","6","18.94"
261,"Duffel Apocalypse","Documentary","6","5.94"
196,"Cruelty Unforgiven","Classics","6","6.94"
885,"Texas Watch","Horror","6","5.94"
224,"Desperate Trainspotting","Travel","6","31.94"
278,"Elf Murder","Music","6","34.94"
965,"Watership Frontier","Horror","6","13.94"
997,"Youth Kick","Music","6","16.94"
472,"Italian African","Travel","6","38.94"
569,"Menagerie Rushmore","Animation","6","18.94"
399,"Happiness United","Foreign","6","22.94"
405,"Haunted Antitrust","Travel","6","31.94"
910,"Treatment Jekyll","Drama","6","6.94"
470,"Ishtar Rocketeer","Animation","6","42.94"
475,"Japanese Run","Horror","6","7.94"
635,"Oklahoma Jumanji","New","6","5.94"
947,"Vision Torque","Foreign","6","11.94"
684,"Pizza Jumanji","Games","6","25.94"
407,"Hawk Chill","Documentary","6","12.94"
411,"Heavenly Gun","Music","6","32.94"
372,"Graceland Dynamite","Sports","6","37.94"
262,"Dumbo Lust","Family","6","13.94"
485,"Jersey Sassy","Children","6","39.94"
498,"Killer Innocent","Family","6","21.94"
883,"Tequila Past","Children","6","32.94"
62,"Bed Highball","Documentary","6","24.94"
156,"Clerks Angels","Documentary","6","45.94"
340,"Frontier Cabin","New","6","35.94"
959,"Warlock Werewolf","Children","6","21.94"
517,"Lesson Cleopatra","Sports","6","22.94"
182,"Control Anthem","Comedy","6","31.94"
355,"Ghostbusters Elf","Animation","7","8.93"
996,"Young Language","Documentary","7","6.93"
779,"Sense Greek","Sports","7","47.93"
539,"Luck Opus","Drama","7","21.93"
998,"Zhivago Core","Horror","7","10.93"
718,"Rebel Airport","Music","7","6.93"
316,"Fire Wolves","Games","7","39.93"
605,"Mulholland Beast","Foreign","7","21.93"
656,"Papi Necklace","Travel","7","27.93"
466,"Intolerable Intentions","Documentary","7","39.93"
566,"Maude Mod","Foreign","7","10.93"
541,"Luke Mummy","Animation","7","28.93"
185,"Cowboy Doom","Foreign","7","28.93"
751,"Runaway Tenenbaums","New","7","11.93"
124,"Casper Dragonfly","Children","7","45.93"
289,"Eve Resurrection","New","7","40.93"
82,"Blood Argonauts","Family","7","30.93"
935,"Vanished Garden","New","7","14.94"
703,"Punk Divorce","Animation","7","41.93"
866,"Sunset Racer","Family","7","11.93"
53,"Bang Kwai","Family","7","22.93"
836,"Squad Fish","Sports","7","27.93"
817,"Soldiers Evolution","Sci-Fi","7","36.93"
2,"Ace Goldfinger","Horror","7","52.93"
197,"Crusade Honey","Sports","7","44.93"
106,"Bulworth Commandments","Games","7","32.93"
47,"Baby Hall","Foreign","7","40.93"
52,"Ballroom Mockingbird","Foreign","7","9.93"
822,"Soup Wisdom","Family","7","11.93"
719,"Records Zorro","Sports","7","38.93"
401,"Harold French","Drama","7","8.93"
926,"Untouchables Sunrise","Documentary","7","28.93"
547,"Magic Mallrats","Children","7","17.93"
279,"Elizabeth Shane","Sports","7","36.93"
622,"Newsies Story","Documentary","7","22.93"
653,"Panic Club","Horror","7","51.93"
29,"Antitrust Tomatoes","Action","7","27.93"
161,"Clue Grail","Music","7","40.93"
523,"Lights Deer","Classics","7","7.93"
826,"Speed Suit","Travel","8","44.92"
454,"Impact Aladdin","Music","8","18.92"
787,"Shining Roses","Travel","8","22.92"
499,"King Evolution","Family","8","59.92"
431,"Hoosiers Birdcage","Foreign","8","41.92"
516,"Legend Jedi","Music","8","12.92"
984,"Wonderful Drop","Foreign","8","46.92"
390,"Guys Falcon","Sci-Fi","8","52.92"
435,"Hotel Happiness","Foreign","8","41.92"
490,"Jumanji Blade","New","8","30.92"
758,"Saints Bride","Drama","8","31.92"
223,"Desire Alien","Animation","8","25.92"
126,"Casualties Encino","Action","8","61.92"
522,"Life Twisted","Comedy","8","37.92"
208,"Dares Pluto","Animation","8","26.92"
923,"Unfaithful Kill","Drama","8","26.92"
515,"Legally Secretary","Children","8","39.92"
752,"Runner Madigan","Music","8","14.92"
613,"Mystic Truman","Comedy","8","17.92"
230,"Diary Panic","Drama","8","24.92"
876,"Tarzan Videotape","Horror","8","40.92"
990,"World Leathernecks","Horror","8","24.92"
384,"Grosse Wonderful","Music","8","46.92"
565,"Matrix Snowman","Foreign","8","40.92"
582,"Miracle Virtual","Animation","8","41.92"
548,"Magnificent Chitty","Classics","8","54.92"
163,"Clyde Theory","New","8","23.92"
674,"Pet Haunting","Foreign","8","26.92"
30,"Anything Savannah","Horror","8","43.92"
543,"Madigan Dorado","Travel","8","48.92"
364,"Godfather Diary","New","8","37.92"
393,"Halloween Nuts","Documentary","8","29.92"
240,"Dolls Rage","Sci-Fi","8","27.92"
371,"Gosford Donnie","Action","8","48.92"
425,"Holy Tadpole","Classics","8","17.92"
136,"Chaplin License","New","8","23.92"
225,"Destination Jerk","Drama","8","31.92"
264,"Dwarfs Alter","Games","8","28.92"
211,"Darling Breaking","Games","8","44.92"
256,"Drop Waterfront","Sports","8","43.92"
368,"Gone Trouble","Drama","8","29.92"
120,"Caribbean Liberty","Sports","8","66.92"
375,"Grail Frankenstein","Action","8","40.92"
146,"Chitty Lock","Drama","8","28.92"
685,"Platoon Instinct","New","8","40.92"
721,"Reds Pocus","Music","8","47.92"
422,"Hollow Jeopardy","Sci-Fi","8","39.92"
939,"Vertigo Northwest","Comedy","8","37.92"
537,"Lover Truman","Classics","9","54.91"
246,"Doubtfire Labyrinth","Foreign","9","52.91"
714,"Random Go","Sci-Fi","9","31.91"
503,"Kramer Chocolate","Sports","9","47.91"
952,"Wagon Jaws","Documentary","9","33.91"
93,"Brannigan Sunrise","New","9","56.91"
627,"North Tequila","Documentary","9","51.91"
750,"Run Pacific","New","9","42.91"
188,"Crazy Home","Comedy","9","26.91"
905,"Trainspotting Strangers","Comedy","9","46.91"
632,"Nuts Ties","New","9","53.91"
550,"Maguire Apache","Family","9","33.91"
868,"Superfly Trip","Travel","9","16.91"
187,"Cranes Reservoir","Sports","9","33.91"
815,"Snatchers Montezuma","Classics","9","37.91"
357,"Gilbert Pelican","Classics","9","17.91"
528,"Lolita World","Family","9","45.91"
940,"Victory Academy","Sports","9","12.91"
338,"Frisco Forrest","Sci-Fi","9","53.91"
13,"Ali Forever","Horror","9","54.91"
636,"Oleander Clue","Music","9","24.91"
587,"Mod Secretary","Documentary","9","48.91"
978,"Wisdom Worker","Comedy","9","29.91"
726,"Reservoir Adaptation","Foreign","9","29.91"
75,"Bird Independence","Travel","9","53.91"
824,"Spartacus Cheaper","Family","9","60.91"
630,"Notting Speakeasy","Drama","9","12.91"
214,"Daughter Madigan","Children","9","69.91"
477,"Jawbreaker Brooklyn","Music","9","10.91"
594,"Montezuma Command","Action","9","11.91"
740,"Rollercoaster Bringing","Horror","9","39.91"
934,"Vanilla Day","Games","9","52.91"
306,"Feathers Metal","Games","9","31.91"
591,"Monsoon Cause","Games","9","54.91"
76,"Birdcage Casper","Music","9","23.91"
889,"Ties Hunger","Children","9","69.91"
983,"Won Dares","Music","9","28.91"
834,"Spoilers Hellfighters","Documentary","9","18.91"
899,"Towers Hurricane","Classics","9","10.91"
104,"Bugsy Song","Foreign","9","45.91"
413,"Hedwig Alter","Comedy","10","31.90"
509,"Language Cowboy","Children","10","18.90"
928,"Uptown Young","Children","10","29.90"
276,"Element Freddy","Comedy","10","56.90"
831,"Spirited Casualties","Sci-Fi","10","18.90"
700,"Prix Undefeated","Family","10","37.90"
819,"Song Hedwig","Music","10","31.90"
46,"Autumn Crow","Games","10","74.90"
780,"Sensibility Rear","Family","10","52.90"
848,"Stone Fire","Travel","10","32.90"
530,"Lord Arizona","Action","10","39.90"
283,"Ending Crowds","New","10","17.90"
315,"Finding Anaconda","Family","10","26.90"
837,"Stage World","Comedy","10","46.90"
277,"Elephant Trojan","Horror","10","64.90"
553,"Maker Gables","Children","10","32.90"
352,"Gathering Calendar","Games","10","19.90"
662,"Paths Control","Drama","10","81.90"
339,"Frogmen Breaking","Travel","10","16.90"
20,"Amelie Hellfighters","Music","10","67.90"
853,"Stranger Strangers","Children","10","65.90"
157,"Clockwork Paradise","Children","10","11.90"
811,"Smile Earring","Travel","10","58.90"
96,"Breaking Home","New","10","41.90"
576,"Mighty Luck","Documentary","10","31.90"
66,"Beneath Rush","Children","10","16.90"
469,"Iron Moon","Classics","10","50.90"
210,"Darko Dorado","Action","10","72.90"
540,"Lucky Flying","Music","10","32.90"
633,"October Submarine","Classics","10","57.90"
731,"Right Cranes","Classics","10","52.90"
482,"Jeopardy Encino","Classics","10","28.90"
533,"Lost Bird","Foreign","10","50.90"
585,"Mob Duffel","Drama","10","27.90"
960,"Wars Pluto","Documentary","10","42.90"
312,"Fiddler Lost","Sci-Fi","10","64.90"
692,"Potluck Mixed","Animation","10","43.90"
508,"Lambs Cincinatti","Games","10","57.90"
766,"Savannah Town","Drama","10","22.90"
640,"Opus Ice","Foreign","10","60.90"
761,"Santa Paris","Children","10","29.90"
145,"Chisum Behavior","Family","10","50.90"
881,"Temple Attraction","Horror","10","57.90"
80,"Blanket Beverly","Family","10","33.90"
60,"Beast Hunchback","Classics","10","69.90"
257,"Drumline Cyclone","Travel","10","36.90"
134,"Champion Flatliners","Animation","10","62.90"
931,"Valentine Vanishing","Travel","10","12.90"
28,"Anthem Luke","Comedy","11","63.89"
682,"Pittsburgh Hunchback","Family","11","83.89"
202,"Daddy Pittsburgh","Comedy","11","63.89"
92,"Bowfinger Gables","Horror","11","56.89"
177,"Connecticut Tramp","Sci-Fi","11","75.89"
886,"Theory Mermaid","Animation","11","30.88"
290,"Everyone Craft","Foreign","11","22.89"
918,"Twisted Pirates","Children","11","66.89"
639,"Opposite Necklace","Family","11","56.89"
151,"Cincinatti Whisperer","Sci-Fi","11","71.89"
722,"Reef Salute","Horror","11","23.89"
756,"Saddle Antitrust","Comedy","11","32.89"
933,"Vampire Whale","New","11","69.89"
872,"Sweet Brotherhood","Travel","11","58.89"
977,"Window Side","Travel","11","50.89"
549,"Magnolia Forrester","Action","11","34.89"
577,"Mile Mulan","Sports","11","33.89"
825,"Speakeasy Date","Action","11","41.89"
597,"Moonwalker Fool","Games","11","75.89"
519,"Liberty Magnificent","Sports","11","67.89"
564,"Massage Image","Animation","11","56.89"
64,"Beethoven Exorcist","Drama","11","16.89"
604,"Mulan Moon","Comedy","11","30.89"
538,"Loverboy Attacks","New","11","16.89"
389,"Gunfighter Mussolini","Sports","11","64.89"
74,"Birch Antitrust","Music","11","74.89"
5,"African Egg","Family","11","47.89"
888,"Thin Sagebrush","Documentary","11","73.89"
729,"Rider Caddyshack","Sports","11","48.89"
487,"Jingle Sagebrush","Classics","11","59.89"
194,"Crow Grease","Action","11","14.89"
113,"California Birds","Sports","11","73.89"
337,"Frida Slipper","Foreign","11","40.90"
593,"Monterey Labyrinth","Horror","11","19.89"
567,"Meet Chocolate","Foreign","11","56.89"
3,"Adaptation Holes","Documentary","11","34.89"
250,"Dragon Squad","Action","11","27.89"
994,"Wyoming Storm","New","11","61.89"
342,"Fugitive Maguire","Travel","11","56.89"
65,"Behavior Runaway","Horror","11","87.89"
598,"Mosquito Armageddon","Sports","11","16.89"
573,"Microcosmos Paradise","Children","12","43.88"
71,"Bilko Anonymous","Family","12","94.88"
347,"Games Bowfinger","Travel","12","62.88"
207,"Dangerous Uptown","Foreign","12","66.88"
323,"Flight Lies","Sports","12","68.88"
798,"Silverado Goldfinger","Sci-Fi","12","91.88"
493,"Kane Exorcist","Foreign","12","13.88"
968,"Werewolf Lola","Action","12","68.88"
828,"Spiking Element","Classics","12","38.88"
296,"Express Lonely","Sci-Fi","12","42.88"
792,"Shrek License","Foreign","12","37.88"
962,"Wasteland Divine","Classics","12","40.88"
216,"Day Unfaithful","New","12","93.88"
440,"Hunger Roof","Foreign","12","19.88"
711,"Raging Airplane","Sci-Fi","12","77.88"
63,"Bedazzled Married","Family","12","14.88"
291,"Evolution Alter","Sports","12","26.88"
867,"Super Wyoming","Family","12","78.88"
209,"Darkness War","Drama","12","45.88"
762,"Sassy Packer","Games","12","14.88"
426,"Home Pity","Music","12","66.88"
581,"Minority Kiss","Music","12","27.89"
842,"State Wasteland","Games","12","55.89"
916,"Turn Star","Animation","12","56.88"
213,"Date Speed","Family","12","41.88"
661,"Past Suicides","Foreign","12","66.88"
449,"Identity Lover","Sci-Fi","12","56.88"
658,"Paris Weekend","Horror","12","40.88"
821,"Sorority Queen","Foreign","12","19.88"
932,"Valley Packer","Comedy","12","49.88"
617,"Natural Stock","Family","12","31.88"
896,"Tootsie Pilot","Children","12","28.88"
919,"Tycoon Gathering","Games","12","103.88"
9,"Alabama Devil","Horror","12","71.88"
293,"Exorcist Sting","Sports","12","49.88"
882,"Tenenbaums Command","Drama","12","19.88"
492,"Jungle Closer","New","12","23.88"
321,"Flash Wars","New","12","87.88"
654,"Panky Submarine","Games","12","86.88"
589,"Modern Dorado","Documentary","12","42.88"
929,"Usual Untouchables","Foreign","12","65.88"
360,"Glass Dying","Action","12","35.88"
34,"Arabia Dogma","Horror","12","21.88"
98,"Bright Encounters","Drama","12","87.88"
394,"Hamlet Wisdom","Sci-Fi","12","39.88"
328,"Forever Candidate","Children","12","40.88"
957,"War Notting","Foreign","12","65.88"
442,"Hunting Musketeers","Family","12","40.88"
794,"Side Ark","Action","12","29.88"
770,"Scissorhands Slums","Foreign","12","42.88"
813,"Smoochy Control","Sports","12","14.88"
705,"Purple Movie","Foreign","12","52.88"
88,"Born Spinal","Travel","12","59.88"
736,"Robbery Bright","Family","12","32.88"
660,"Party Knock","Comedy","12","41.88"
84,"Boiled Dares","Travel","13","66.87"
946,"Virtual Spoilers","Family","13","105.87"
27,"Anonymous Human","Sports","13","17.87"
829,"Spinal Rocky","Family","13","39.87"
480,"Jeepers Wedding","Classics","13","70.87"
505,"Labyrinth League","Children","13","41.87"
373,"Graduate Lord","Children","13","42.87"
511,"Lawrence Love","Action","13","15.87"
765,"Saturn Name","Comedy","13","70.87"
137,"Charade Duffel","Sci-Fi","13","66.87"
907,"Translation Summer","Drama","13","25.87"
81,"Blindness Gun","Sci-Fi","13","71.87"
205,"Dances None","Action","13","28.87"
68,"Betrayed Rear","Children","13","79.87"
536,"Lovely Jingle","Classics","13","62.87"
708,"Quills Bull","Documentary","13","77.87"
673,"Personal Ladybugs","Music","13","43.87"
783,"Shane Darkness","Travel","13","52.87"
452,"Illusion Amelie","Foreign","13","34.87"
615,"Nash Chocolat","Animation","13","58.87"
173,"Confessions Maguire","Drama","13","70.87"
588,"Model Fish","Children","13","76.87"
544,"Madison Trap","Documentary","13","64.87"
847,"Stock Glass","New","13","42.87"
379,"Greedy Roots","Drama","13","14.87"
241,"Donnie Alley","Animation","13","34.87"
133,"Chamber Italian","Music","13","65.88"
258,"Drums Dynamite","Horror","13","24.87"
855,"Streak Ridgemont","Documentary","13","17.87"
858,"Submarine Bed","Comedy","13","78.87"
667,"Peach Innocent","Sports","13","80.86"
529,"Lonely Elephant","Comedy","13","65.87"
190,"Creepers Kane","Classics","13","77.87"
917,"Tuxedo Mile","Sports","13","76.87"
478,"Jaws Harry","Comedy","13","59.87"
793,"Shrunk Divine","Action","13","46.87"
686,"Pluto Oleander","New","13","73.87"
921,"Uncut Suicides","Music","13","42.87"
219,"Deep Crusade","Documentary","13","75.87"
260,"Dude Blindness","Sports","13","90.87"
430,"Hook Chariots","Animation","13","17.87"
749,"Rules Human","Horror","13","78.87"
568,"Memento Zoolander","Comedy","13","88.87"
16,"Alley Evolution","Foreign","13","46.87"
599,"Mother Oleander","Sports","13","63.87"
992,"Wrath Mile","Documentary","13","22.87"
272,"Edge Kissing","Drama","13","79.87"
732,"Rings Heartbreakers","Action","13","31.87"
629,"Notorious Reunion","Documentary","13","24.87"
423,"Hollywood Anonymous","Children","13","13.87"
927,"Uprising Uptown","Action","13","45.87"
634,"Odds Boogie","Family","13","19.87"
739,"Rocky War","Drama","13","88.87"
179,"Conquerer Nuts","Drama","13","84.87"
153,"Citizen Shrek","Sci-Fi","13","21.87"
348,"Gandhi Kwai","Family","13","16.87"
287,"Entrapment Satisfaction","Action","13","42.87"
232,"Dirty Ace","Games","13","47.87"
900,"Town Ark","Foreign","13","46.87"
546,"Madre Gables","Games","13","47.87"
784,"Shanghai Tycoon","Travel","14","43.86"
557,"Manchurian Curtain","Family","14","59.86"
381,"Grinch Massage","Games","14","76.86"
455,"Impossible Prejudice","Foreign","14","74.86"
24,"Analyze Hoosiers","Horror","14","55.86"
942,"Vietnam Smoochy","Drama","14","21.86"
774,"Searchers Wait","Comedy","14","75.86"
894,"Tomatoes Hellfighters","Travel","14","19.86"
385,"Groundhog Uncut","Comedy","14","78.86"
913,"Troopers Metal","New","14","46.86"
987,"Words Hunter","Music","14","73.86"
788,"Ship Wonderland","Documentary","14","44.86"
832,"Splash Gump","Family","14","33.86"
809,"Slipper Fidelity","Sports","14","24.86"
820,"Sons Interview","Animation","14","75.85"
203,"Daisy Menagerie","Sci-Fi","14","85.86"
795,"Siege Madre","Family","14","16.86"
592,"Monster Spartacus","Music","14","48.86"
679,"Pilot Hoosiers","Family","14","51.86"
333,"Freaky Pocus","Music","14","43.86"
526,"Lock Rear","Travel","14","42.86"
757,"Sagebrush Clueless","Documentary","14","83.86"
58,"Beach Heartbreakers","Documentary","14","55.86"
40,"Army Flintstones","Documentary","14","36.86"
600,"Motions Details","Horror","14","25.87"
365,"Gold River","Comedy","14","94.86"
111,"Caddyshack Jedi","Action","14","46.86"
878,"Teen Apollo","Travel","14","109.86"
956,"Wanda Chamber","Games","14","76.86"
201,"Cyclone Family","Foreign","14","43.87"
854,"Strangers Graffiti","Horror","14","104.86"
186,"Craft Outfield","Drama","14","18.86"
862,"Summer Scarface","Classics","14","32.86"
969,"West Lion","Drama","14","92.86"
453,"Image Princess","Sports","14","76.86"
229,"Devil Desire","Action","14","78.86"
251,"Dragonfly Strangers","New","14","80.86"
620,"Nemo Campus","Sci-Fi","14","59.86"
655,"Panther Reds","Sci-Fi","14","83.86"
398,"Hanover Galaxy","Music","14","81.86"
652,"Pajama Jawbreaker","Classics","14","39.86"
42,"Artist Coldblooded","Sports","14","59.86"
110,"Cabin Flash","Children","14","39.86"
840,"Stampede Disturbing","Games","14","32.86"
152,"Circus Youth","Children","14","53.86"
744,"Roots Remember","Classics","14","37.86"
618,"Necklace Outbreak","Drama","14","36.86"
532,"Loser Hustler","Sports","14","83.86"
988,"Worker Tarzan","Travel","14","47.86"
648,"Outlaw Hanky","Travel","14","73.86"
830,"Spirit Flintstones","Horror","14","14.86"
561,"Mask Peach","New","14","49.86"
70,"Bikini Borrowers","Animation","14","79.86"
844,"Steers Armageddon","Sports","15","85.85"
688,"Polish Brooklyn","Children","15","18.85"
236,"Divine Resurrection","Games","15","64.85"
975,"Willow Tracy","Family","15","52.85"
141,"Chicago North","Games","15","84.85"
421,"Holiday Games","Foreign","15","82.85"
8,"Airport Pollock","Horror","15","86.85"
474,"Jade Bunch","Sports","15","53.85"
299,"Factory Dragon","Travel","15","30.85"
859,"Sugar Wonka","Animation","15","93.85"
797,"Silence Kane","Music","15","15.85"
717,"Rear Trading","Action","15","27.85"
971,"Whale Bikini","Foreign","15","113.85"
570,"Mermaid Insects","Sports","15","94.85"
611,"Musketeers Wait","Classics","15","82.85"
265,"Dying Maker","Comedy","15","83.85"
226,"Destiny Saturday","New","15","91.85"
438,"Human Graffiti","Games","15","80.85"
696,"Pride Alamo","Animation","15","17.85"
908,"Trap Guys","Foreign","15","119.85"
999,"Zoolander Fiction","Children","15","66.85"
510,"Lawless Vision","Animation","15","76.86"
420,"Holes Brannigan","Sports","15","75.86"
308,"Ferris Mother","Comedy","15","70.85"
446,"Hysterical Grail","Sports","15","87.85"
991,"Worst Banger","Action","15","66.85"
626,"Noon Papi","Children","15","60.85"
963,"Watch Tracy","Animation","15","33.85"
693,"Potter Connecticut","Animation","15","62.85"
925,"United Pilot","Documentary","15","43.85"
606,"Mummy Creatures","Sports","15","55.85"
85,"Bonnie Holocaust","Documentary","15","31.85"
678,"Pickup Driving","Sports","15","93.85"
50,"Baked Cleopatra","Family","15","76.85"
664,"Patriot Roman","Action","15","52.85"
458,"Indian Love","Family","15","46.85"
448,"Idaho Love","New","15","68.85"
410,"Heaven Freedom","Comedy","15","49.85"
980,"Wizard Coldblooded","Music","15","90.85"
552,"Majestic Floats","Documentary","15","36.85"
796,"Sierra Divide","Sports","15","57.85"
396,"Hanging Deep","Drama","15","92.85"
535,"Love Suicides","Horror","15","22.85"
169,"Comforts Rush","Travel","15","69.85"
7,"Airplane Sierra","Comedy","15","82.85"
704,"Pure Runner","Comedy","15","89.85"
542,"Lust Lock","Action","15","74.82"
887,"Thief Pelican","Animation","16","97.84"
105,"Bull Shawshank","Action","16","21.84"
763,"Satisfaction Confidential","Sports","16","122.84"
672,"Perfect Groove","Comedy","16","53.84"
298,"Eyes Driving","Sci-Fi","16","68.84"
123,"Casablanca Super","Travel","16","82.84"
155,"Cleopatra Devil","New","16","27.85"
254,"Driver Annie","Sports","16","62.84"
534,"Louisiana Harry","Family","16","28.84"
583,"Mission Zoolander","Animation","16","110.84"
429,"Honey Ties","Sports","16","59.84"
746,"Rouge Squad","Games","16","51.84"
488,"Joon Northwest","Sports","16","37.84"
871,"Sweden Shining","Comedy","16","101.83"
189,"Creatures Shakespeare","Games","16","56.84"
483,"Jericho Mulan","Games","16","95.84"
506,"Lady Stage","Horror","16","113.84"
666,"Paycheck Wait","Drama","16","101.84"
90,"Boulevard Mob","New","16","56.84"
944,"Virgin Daisy","Drama","16","86.84"
481,"Jekyll Frogmen","New","16","78.84"
768,"Scarface Bang","Children","16","106.84"
95,"Breakfast Goldfinger","New","16","104.84"
601,"Moulin Wake","Travel","16","51.84"
803,"Slacker Liaisons","Drama","16","86.84"
48,"Backlash Undefeated","Children","16","140.84"
574,"Midnight Westward","Action","16","38.84"
424,"Holocaust Highball","Children","16","23.84"
346,"Galaxy Sweethearts","Classics","16","105.84"
392,"Hall Cassidy","Children","16","98.84"
44,"Attacks Hate","Sci-Fi","16","101.84"
170,"Command Darling","Foreign","16","107.84"
716,"Reap Unfaithful","Horror","16","62.84"
275,"Egypt Tenenbaums","Horror","16","66.84"
473,"Jacket Frisco","Drama","16","71.84"
964,"Waterfront Deliverance","Action","16","116.84"
937,"Varsity Trip","New","16","48.84"
165,"Coldblooded Darling","Sci-Fi","16","89.84"
336,"French Holiday","Documentary","16","94.84"
184,"Core Suit","Classics","16","92.84"
351,"Gaslight Crusade","Horror","16","62.84"
427,"Homeward Cider","Documentary","16","23.84"
286,"Enough Raging","Travel","16","51.84"
175,"Confused Candles","Family","16","99.84"
623,"Newton Labyrinth","Foreign","16","46.84"
924,"Unforgiven Zoolander","Sci-Fi","16","22.84"
734,"Road Roxanne","Documentary","17","115.83"
580,"Mine Titans","New","17","138.83"
324,"Flintstones Happiness","Comedy","17","134.83"
345,"Gables Metropolis","Family","17","47.83"
643,"Orient Closer","Drama","17","80.83"
512,"League Hellfighters","Classics","17","105.83"
140,"Cheaper Clyde","Sci-Fi","17","30.83"
17,"Alone Trip","Music","17","61.83"
691,"Poseidon Forever","Sports","17","100.83"
439,"Hunchback Impossible","Drama","17","115.83"
158,"Clones Pinocchio","Music","17","59.83"
150,"Cider Desire","Documentary","17","56.83"
115,"Campus Remember","Action","17","81.83"
912,"Trojan Tomorrow","Sci-Fi","17","75.82"
610,"Music Boondock","Family","17","20.83"
121,"Carol Texas","Animation","17","79.83"
812,"Smoking Barbarella","Documentary","17","17.84"
212,"Darn Forrester","Action","17","87.83"
616,"National Story","Documentary","17","76.83"
724,"Remember Diary","Family","17","70.83"
501,"Kissing Dolls","Action","17","120.83"
948,"Voice Peach","New","17","31.83"
77,"Birds Perdition","New","17","102.83"
805,"Sleepless Monsoon","Animation","17","103.83"
269,"Earring Instinct","Family","17","60.83"
344,"Fury Murder","Children","17","58.83"
215,"Dawn Pond","Games","17","120.83"
462,"Insider Arizona","Music","17","61.83"
578,"Million Ace","Classics","17","103.83"
56,"Barefoot Manchurian","Action","17","59.83"
160,"Club Graffiti","Animation","17","38.82"
451,"Igby Maker","Travel","17","89.83"
370,"Gorgeous Bingo","Children","17","94.83"
464,"Intentions Empire","Animation","17","78.83"
116,"Candidate Perdition","Classics","17","88.82"
709,"Racer Egg","Drama","17","54.83"
524,"Lion Uncut","Comedy","17","33.83"
294,"Expecations Natural","Travel","17","101.83"
936,"Vanishing Rocky","Music","17","80.83"
463,"Instinct Airport","Sports","17","69.83"
329,"Forrest Sons","Action","17","83.83"
619,"Neighbors Charade","Sports","17","62.83"
380,"Greek Everyone","Foreign","17","55.83"
737,"Rock Instinct","Horror","17","48.83"
383,"Groove Fiction","Sports","17","40.83"
496,"Kick Savannah","Travel","17","48.83"
486,"Jet Neighbors","Foreign","17","92.83"
363,"Go Purple","Music","17","43.83"
432,"Hope Tootsie","Classics","17","72.83"
689,"Pollock Deliverance","Foreign","17","66.82"
560,"Mars Roman","Games","17","30.83"
183,"Conversation Downhill","Family","17","114.83"
242,"Doom Dancing","Comedy","17","58.83"
967,"Weekend Personal","Sci-Fi","17","71.83"
747,"Roxanne Rebel","Games","17","29.83"
877,"Taxi Kick","Music","17","34.83"
631,"Novocaine Flight","Sports","18","49.82"
777,"Secretary Rouge","Sports","18","112.82"
663,"Patient Sister","Classics","18","21.82"
647,"Outfield Massacre","Music","18","54.82"
233,"Disciple Mother","Travel","18","39.82"
725,"Requiem Tycoon","Classics","18","105.82"
690,"Pond Seattle","Animation","18","61.82"
514,"Lebowski Soldiers","Drama","18","62.82"
818,"Something Duck","Drama","18","120.82"
461,"Insects Stone","Animation","18","36.81"
428,"Homicide Peach","Family","18","59.82"
456,"Inch Jet","Animation","18","95.82"
680,"Pinocchio Simon","Comedy","18","119.82"
864,"Sundance Invasion","Children","18","36.82"
300,"Falcon Volume","Animation","18","106.81"
778,"Secrets Paradise","Family","18","139.82"
953,"Wait Cider","Animation","18","73.82"
457,"Independence Hotel","Documentary","18","34.82"
906,"Tramp Others","Comedy","18","40.82"
72,"Bill Others","Documentary","18","63.82"
668,"Peak Forever","Sports","18","94.82"
575,"Midsummer Groundhog","Documentary","18","129.82"
97,"Bride Intrigue","Action","18","20.82"
628,"Northwest Polish","Sports","18","77.82"
806,"Sleepy Japanese","New","18","76.83"
313,"Fidelity Devil","Horror","18","117.82"
646,"Outbreak Divine","Games","18","31.82"
681,"Pirates Roxanne","Sports","18","45.81"
479,"Jedi Beneath","Family","18","20.82"
350,"Garden Island","Sci-Fi","18","134.82"
112,"Calendar Gunfight","Foreign","18","123.82"
204,"Dalmations Sweden","Drama","18","54.82"
728,"Reunion Witches","Drama","18","50.82"
243,"Doors President","Animation","18","118.82"
657,"Paradise Sabrina","Comedy","18","79.82"
986,"Wonka Sea","Animation","18","66.82"
83,"Blues Instinct","Family","18","75.82"
227,"Details Packer","Games","18","128.82"
282,"Encounters Curtain","Drama","18","38.82"
743,"Room Roman","Animation","18","27.82"
465,"Interview Liaisons","New","18","110.82"
23,"Anaconda Confessions","Animation","18","51.82"
436,"Hours Rage","New","18","44.82"
164,"Coast Rainbow","Documentary","18","37.82"
176,"Congeniality Quest","Sports","19","31.81"
100,"Brooklyn Desert","Foreign","19","106.81"
949,"Volcano Texas","Games","19","32.81"
249,"Dracula Crystal","Classics","19","22.81"
776,"Secret Groundhog","Documentary","19","105.81"
562,"Masked Bubble","Music","19","24.81"
807,"Sleuth Orient","Games","19","48.81"
579,"Minds Truman","Action","19","144.81"
267,"Eagles Panky","New","19","134.81"
861,"Suit Walls","Games","19","134.81"
326,"Flying Hook","Animation","19","77.81"
845,"Stepmom Dream","Foreign","19","99.81"
930,"Vacation Boondock","Sci-Fi","19","89.81"
255,"Driving Polish","Music","19","105.81"
21,"American Circus","Action","19","146.81"
280,"Empire Malkovich","Children","19","26.81"
772,"Sea Virgin","Drama","19","84.81"
484,"Jerk Paycheck","Classics","19","104.81"
231,"Dinosaur Secretary","Family","19","67.81"
147,"Chocolat Harry","Family","19","49.81"
99,"Bringing Hysterical","Comedy","19","68.81"
637,"Open African","Sci-Fi","19","103.81"
710,"Rage Games","Family","19","119.81"
602,"Mourning Purple","Sci-Fi","19","39.81"
142,"Chicken Hellfighters","Documentary","19","58.81"
775,"Seattle Expecations","Drama","19","125.80"
727,"Resurrection Silverado","Family","19","24.81"
132,"Chainsaw Uptown","Sci-Fi","19","31.81"
317,"Fireball Philadelphia","Comedy","19","57.81"
222,"Desert Poseidon","Horror","19","118.81"
322,"Flatliners Killer","Sports","19","74.81"
416,"Highball Potter","Foreign","19","27.81"
920,"Unbreakable Karate","New","19","76.81"
922,"Undefeated Dalmations","Horror","19","102.81"
274,"Egg Igby","Documentary","19","98.81"
650,"Pacific Amistad","Documentary","19","43.81"
302,"Fantasia Park","Games","19","73.81"
733,"River Outlaw","Sports","19","56.82"
898,"Tourist Pelican","Sports","19","126.81"
149,"Christmas Moonshine","Children","19","26.81"
118,"Canyon Stock","Animation","19","27.81"
723,"Reign Gentlemen","Sci-Fi","19","105.81"
6,"Agent Truman","Foreign","19","111.81"
129,"Cause Date","Documentary","19","114.81"
139,"Chasing Fight","Family","19","105.82"
827,"Spice Sorority","Drama","19","106.81"
67,"Berets Agent","Action","19","72.80"
311,"Fiction Christmas","Foreign","19","58.81"
59,"Bear Graceland","Children","19","93.81"
138,"Chariots Conspiracy","Sci-Fi","19","65.81"
26,"Annie Identity","Sci-Fi","19","50.81"
785,"Shawshank Bubble","Travel","19","109.81"
414,"Hellfighters Sierra","Foreign","19","92.81"
851,"Straight Hours","Sports","19","55.81"
694,"Prejudice Oleander","Classics","19","110.81"
354,"Ghost Groundhog","Children","19","107.81"
800,"Sinners Atlantis","Horror","19","60.81"
467,"Intrigue Worst","Foreign","19","36.81"
281,"Encino Elf","Games","19","27.81"
235,"Divide Monster","Sci-Fi","20","61.80"
193,"Crossroads Casualties","Animation","20","74.80"
377,"Grease Youth","Family","20","27.80"
18,"Alter Victory","Animation","20","30.80"
914,"Trouble Date","Travel","20","70.81"
402,"Harper Dying","Animation","20","77.80"
494,"Karate Moon","Horror","20","51.80"
651,"Packer Madigan","Animation","20","58.80"
19,"Amadeus Holy","Action","20","32.80"
39,"Armageddon Lost","Sci-Fi","20","41.80"
292,"Excitement Eve","Action","20","61.80"
437,"House Dynamite","Family","20","65.80"
972,"Whisperer Giant","Sci-Fi","20","141.80"
314,"Fight Jawbreaker","Animation","20","53.80"
409,"Heartbreakers Bright","Children","20","132.80"
720,"Redemption Comforts","New","20","113.80"
117,"Candles Grapes","Games","20","111.80"
841,"Star Operation","Sports","20","83.80"
406,"Haunting Pianist","Games","20","47.80"
707,"Quest Mussolini","Action","20","77.80"
759,"Salute Apollo","New","20","95.80"
309,"Feud Frogmen","Family","20","31.80"
504,"Kwai Homeward","Drama","20","42.80"
782,"Shakespeare Saddle","Sports","20","76.80"
54,"Banger Pinocchio","Music","20","40.80"
590,"Money Harold","New","20","111.80"
993,"Wrong Behavior","Children","20","62.80"
846,"Sting Personal","New","20","149.80"
982,"Women Dorado","Action","20","38.81"
25,"Angels Life","New","20","103.80"
353,"Gentlemen Stage","Foreign","20","70.80"
814,"Snatch Slipper","Comedy","20","117.80"
252,"Dream Pickup","Action","20","73.80"
57,"Basic Easy","Travel","20","87.80"
218,"Deceiver Betrayed","Drama","20","24.80"
89,"Borrowers Bedazzled","Animation","20","25.80"
271,"Easy Gladiator","Action","20","132.80"
79,"Blade Polish","Drama","20","29.81"
596,"Moonshine Cabin","Games","20","131.80"
961,"Wash Heavenly","Foreign","20","104.80"
15,"Alien Center","Foreign","20","84.80"
915,"Truman Crazy","Action","20","104.80"
645,"Others Soup","Travel","20","70.80"
22,"Amistad Midsummer","New","21","70.79"
4,"Affair Prejudice","Horror","21","83.79"
417,"Hills Neighbors","Action","21","58.79"
677,"Pianist Outfield","New","21","38.78"
755,"Sabrina Midnight","Children","21","126.79"
334,"Freddy Storm","Horror","21","115.79"
741,"Roman Punk","Music","21","25.79"
69,"Beverly Outlaw","Sci-Fi","21","115.79"
387,"Gun Bonnie","Games","21","30.79"
976,"Wind Phantom","Games","21","33.79"
366,"Goldfinger Sensibility","Drama","21","67.79"
502,"Knock Warlock","Comedy","21","99.79"
408,"Head Stranger","Games","21","142.79"
816,"Snowman Rollercoaster","Animation","21","65.79"
995,"Yentl Idaho","Horror","21","122.79"
771,"Scorpion Apollo","Drama","21","158.79"
131,"Center Dinosaur","Classics","21","121.79"
143,"Chill Luck","Drama","21","29.79"
327,"Fool Mockingbird","Action","21","162.79"
49,"Badman Dawn","Sci-Fi","21","76.79"
61,"Beauty Grease","Drama","21","125.79"
247,"Downhill Enough","Comedy","21","72.79"
608,"Murder Antitrust","Children","21","78.79"
966,"Wedding Apollo","Documentary","21","71.79"
665,"Patton Interview","Horror","21","94.79"
37,"Arizona Bang","Classics","21","104.79"
556,"Maltese Hope","Games","21","118.79"
985,"Wonderland Christmas","Sci-Fi","21","142.79"
676,"Philadelphia Wife","Sports","21","107.80"
833,"Splendor Patton","Children","21","40.79"
304,"Fargo Gandhi","Children","21","94.79"
518,"Liaisons Sweet","Travel","21","126.79"
624,"Nightmare Chill","Games","21","148.79"
303,"Fantasy Troopers","Action","21","35.79"
491,"Jumping Wrath","Children","21","67.79"
191,"Crooked Frogmen","Children","21","38.79"
981,"Wolves Desire","Travel","21","24.79"
130,"Celebrity Horn","Action","21","28.79"
43,"Atlantis Cause","Family","21","75.79"
500,"Kiss Glory","Foreign","21","126.79"
1,"Academy Dinosaur","Documentary","21","33.79"
388,"Gunfight Moon","Comedy","21","46.79"
706,"Queen Luke","Drama","21","128.79"
823,"South Wait","Action","21","102.79"
415,"High Encino","Horror","21","117.79"
245,"Double Wrath","Animation","21","56.79"
273,"Effect Gladiator","Family","21","40.79"
571,"Metal Armageddon","Documentary","21","88.79"
649,"Oz Liaisons","Animation","22","87.78"
791,"Show Lord","Documentary","22","145.78"
852,"Strangelove Desire","Children","22","79.78"
376,"Grapes Fury","Foreign","22","56.77"
444,"Hustler Party","Comedy","22","190.78"
865,"Sunrise League","Animation","22","155.78"
551,"Maiden Home","New","22","152.78"
447,"Ice Crossing","Games","22","90.78"
349,"Gangs Pride","Animation","22","95.78"
55,"Barbarella Streetcar","Sci-Fi","22","84.78"
412,"Heavyweights Beast","Documentary","22","123.78"
320,"Flamingos Connecticut","New","22","134.78"
892,"Titanic Boondock","Animation","22","149.78"
391,"Half Outfield","Family","22","73.79"
319,"Fish Opus","Sci-Fi","22","94.78"
810,"Slums Duck","Family","22","48.78"
45,"Attraction Newton","New","22","133.78"
51,"Balloon Homeward","Music","22","91.78"
11,"Alamo Videotape","Foreign","22","30.78"
555,"Mallrats United","Comedy","22","70.78"
843,"Steel Santa","Classics","22","136.78"
244,"Dorado Notting","Music","22","140.78"
166,"Color Philadelphia","Classics","22","87.78"
989,"Working Microcosmos","Travel","22","144.78"
614,"Name Detective","Games","22","131.78"
804,"Sleeping Suspects","Horror","22","121.78"
641,"Orange Grapes","Foreign","22","61.78"
199,"Cupboard Sinners","Documentary","22","103.78"
253,"Drifter Commandments","Action","22","131.78"
586,"Mockingbird Hollywood","Action","22","53.78"
78,"Blackout Private","Animation","23","78.77"
786,"Shepherd Midsummer","Children","23","28.77"
938,"Velvet Terminator","Comedy","23","152.77"
554,"Malkovich Pet","Classics","23","75.77"
745,"Roses Treasure","Sports","23","137.77"
870,"Swarm Gold","Horror","23","64.77"
122,"Carrie Bunch","Horror","23","34.77"
234,"Disturbing Scarface","Sci-Fi","23","77.77"
790,"Shootist Superfly","Drama","23","36.77"
863,"Sun Confessions","Sci-Fi","23","50.77"
897,"Torque Bound","Drama","23","169.76"
603,"Movie Shakespeare","Family","23","125.78"
683,"Pity Bound","Drama","23","138.77"
902,"Trading Pinocchio","Sports","23","133.77"
715,"Range Moonwalker","Family","23","158.77"
857,"Strictly Scarface","Comedy","23","113.77"
288,"Escape Metropolis","Travel","23","74.77"
10,"Aladdin Calendar","Sports","23","131.77"
958,"Wardrobe Phantom","Drama","23","80.77"
443,"Hurricane Affair","Comedy","23","82.77"
119,"Caper Motions","Comedy","23","37.77"
527,"Lola Agent","Horror","23","154.77"
545,"Madness Attacks","Foreign","23","65.77"
305,"Fatal Haunted","New","23","92.77"
838,"Stagecoach Armageddon","Action","23","138.77"
12,"Alaska Phantom","Music","23","37.77"
476,"Jason Trap","Family","23","97.77"
670,"Pelican Comforts","Documentary","23","165.77"
471,"Island Exorcist","Classics","23","76.77"
270,"Earth Vision","New","23","34.77"
101,"Brotherhood Blanket","Documentary","23","98.77"
856,"Streetcar Intentions","Horror","23","137.77"
35,"Arachnophobia Rollercoaster","Horror","23","109.77"
433,"Horn Working","Animation","23","109.77"
154,"Clash Freddy","Animation","23","77.77"
397,"Hanky October","Sci-Fi","23","104.77"
167,"Coma Head","Travel","23","122.77"
445,"Hyde Doctor","Classics","23","95.76"
162,"Clueless Bucket","Action","23","105.77"
266,"Dynamite Tarzan","Classics","23","60.77"
159,"Closer Bang","Comedy","24","152.76"
135,"Chance Resurrection","Sports","24","124.76"
901,"Tracy Cider","Animation","24","78.76"
760,"Samurai Lion","New","24","101.76"
114,"Camelot Vacation","Sci-Fi","24","93.76"
174,"Confidential Interview","Music","24","136.76"
880,"Telemark Heartbreakers","Animation","24","88.76"
307,"Fellowship Autumn","Travel","24","137.76"
395,"Handicap Boondock","Action","24","50.76"
367,"Goldmine Tycoon","Sci-Fi","24","43.76"
450,"Idols Snatchers","Children","24","88.76"
773,"Seabiscuit Punk","Sports","24","86.76"
875,"Talented Homicide","Sports","24","34.76"
228,"Detective Vision","Classics","24","62.76"
521,"Lies Treatment","Drama","24","131.76"
941,"Videotape Arsenic","Games","24","148.76"
91,"Bound Cheaper","Classics","24","50.76"
263,"Durham Panky","Sports","24","132.76"
698,"Princess Giant","Documentary","24","121.77"
206,"Dancing Fever","Documentary","24","49.76"
890,"Tights Dawn","Sports","24","54.76"
181,"Contact Anonymous","Travel","24","78.76"
172,"Coneheads Smoochy","Drama","24","131.76"
200,"Curtain Videotape","Games","24","34.77"
572,"Metropolis Coma","Sci-Fi","24","116.76"
358,"Gilmore Boiled","Classics","24","52.76"
895,"Tomorrow Hustler","Classics","24","101.76"
951,"Voyage Legally","Classics","25","42.75"
687,"Pocus Pulp","Documentary","25","40.75"
945,"Virginian Pluto","Documentary","25","47.75"
979,"Witches Panic","Drama","25","146.75"
73,"Bingo Talented","Sci-Fi","25","119.75"
86,"Boogie Amelie","Music","25","140.74"
284,"Enemy Odds","Music","25","159.75"
369,"Goodfellas Salute","Sci-Fi","25","164.75"
220,"Deer Virginian","Music","25","78.76"
563,"Massacre Usual","Games","25","149.75"
879,"Telegraph Voyage","Music","25","215.75"
638,"Operation Operation","Comedy","25","80.75"
625,"None Spiking","Sci-Fi","25","79.75"
434,"Horror Reign","Travel","25","77.75"
644,"Oscar Gold","Animation","25","83.75"
970,"Westward Seabiscuit","Classics","25","36.75"
891,"Timberland Sky","Classics","26","102.74"
849,"Storm Happiness","Animation","26","42.74"
295,"Expendable Stallion","Documentary","26","94.74"
911,"Trip Newton","Action","26","135.74"
109,"Butterfly Chocolat","New","26","108.74"
850,"Story Side","Action","26","35.74"
559,"Married Go","Sci-Fi","26","84.74"
702,"Pulp Beverly","Horror","26","121.74"
531,"Lose Inch","Foreign","26","77.74"
468,"Invasion Cyclone","Children","26","100.74"
525,"Loathing Legally","Classics","26","62.74"
301,"Family Sweet","Horror","26","60.73"
460,"Innocent Usual","Foreign","26","191.74"
356,"Giant Troopers","Children","26","100.74"
285,"English Bulworth","Sci-Fi","26","99.74"
764,"Saturday Lambs","Sports","26","190.74"
374,"Graffiti Love","Sci-Fi","26","67.74"
735,"Robbers Joon","Children","26","85.74"
595,"Moon Bunch","Foreign","26","35.74"
418,"Hobbit Alien","Drama","26","68.74"
331,"Forward Temple","Games","26","102.74"
330,"Forrester Comancheros","Animation","26","141.74"
378,"Greatest North","Music","27","103.73"
835,"Spy Mile","Games","27","94.73"
697,"Primary Glass","Action","27","36.73"
127,"Cat Coneheads","Comedy","27","159.73"
621,"Network Peak","Family","27","116.73"
973,"Wife Turn","Documentary","27","198.73"
893,"Titans Jerk","Sci-Fi","27","186.73"
609,"Muscle Bright","Travel","27","86.73"
873,"Sweethearts Suspects","Children","27","93.73"
403,"Harry Idaho","Drama","27","177.73"
869,"Suspects Quills","Action","27","118.73"
361,"Gleaming Jawbreaker","Sports","27","125.72"
382,"Grit Clockwork","Games","28","97.72"
239,"Dogma Family","Animation","28","168.72"
738,"Rocketeer Mother","Foreign","28","97.72"
103,"Bucket Brotherhood","Travel","28","150.72"
748,"Rugrats Shakespeare","Action","28","67.72"
1000,"Zorro Ark","Comedy","28","199.72"
341,"Frost Head","Classics","28","74.72"
753,"Rush Goodfellas","Family","28","81.72"
31,"Apache Divine","Family","28","160.72"
730,"Ridgemont Submarine","New","28","110.72"
767,"Scalawag Duck","Music","29","157.71"
789,"Shock Cabin","Foreign","29","96.71"
489,"Juggler Hardly","Animation","29","86.71"
